run_id	job_name	commit_sha	first_attempt_result	retry_result	failing_test	timestamp
34139293426	Go (windows/amd64)	631cbc323a1976829285454d272ba86f7836e546	fail	pass	TestACPConnectionSurvivesAStalledPump	2026-09-07T15:40:24Z
34717428526	Go (linux/arm64)	5edaec379c8c6d40d726169b286e932e3ccc1619	fail	fail	TestGuardConfigFileIsFatalWithAnInlineSecret	2026-09-12T20:34:28Z
34725111324	Go (windows/amd64)	189286d7bf0529dee0f55e4a1108df3a198045fe	fail	fail	TestNotOwnerOnlyDetailRemedyWorks	2026-09-12T23:22:52Z
35461886119	Go (windows/amd64)	c0c5a8f5c322b16dd02d45478cf6bbcf27747729	fail	pass	TestACPConnectionSurvivesAStalledPump	2026-09-19T18:42:12Z
35604693366	Go (windows/amd64)	89bf2faefdd65ab982b3dd6fe281a5dad516dc6e	fail	pass	TestStoreConcurrentCreateTwoHandles	2026-09-21T13:21:04Z
35606940444	Go (linux/arm64)	5225a3a5ab4903ceff7d468a026f15bc722d1bd9	fail	pass	TestResolveBinaryIdentityHelperDoesNotCountAsLaunch	2026-09-21T13:40:00Z
36024135246	Go (linux/arm64)	eb001ac792d8ab40a47bb59af340051204152558	fail	pass	TestRegisterReplacement	2026-09-24T16:00:20Z
36456419320	Go (linux/arm64)	9abbed78b03b2b3ef00eba9bee53cc02d3b86007	fail	pass	TestRealityProbeRefreshesAfterItsWindow	2026-09-28T17:13:08Z
36727070180	Go (windows/amd64)	7432f111c65d5ca6d71cc9d9255e6de56697e73f	fail	pass	TestTaskStateRealProbeReportsAbsent	2026-09-30T14:12:45Z
