get	/agent
post	/agent-builder/preview
put	/agent-builder/{id}
get	/api/agent
get	/api/command
delete,patch	/api/credential/{credentialID}
get	/api/event
get	/api/fs/find
get	/api/fs/list
get	/api/fs/read/*
get	/api/health
get	/api/integration
delete,get	/api/integration/attempt/{attemptID}
post	/api/integration/attempt/{attemptID}/complete
get	/api/integration/{integrationID}
post	/api/integration/{integrationID}/connect/key
post	/api/integration/{integrationID}/connect/oauth
get	/api/location
get	/api/model
get	/api/permission/request
get	/api/permission/saved
delete	/api/permission/saved/{id}
get	/api/provider
get	/api/provider/{providerID}
get,post	/api/pty
delete,get,put	/api/pty/{ptyID}
get	/api/pty/{ptyID}/connect
post	/api/pty/{ptyID}/connect-token
get	/api/question/request
get	/api/reference
get,post	/api/session
get	/api/session/{sessionID}
post	/api/session/{sessionID}/compact
get	/api/session/{sessionID}/context
get	/api/session/{sessionID}/message
get	/api/session/{sessionID}/permission
post	/api/session/{sessionID}/permission/{requestID}/reply
post	/api/session/{sessionID}/prompt
get	/api/session/{sessionID}/question
post	/api/session/{sessionID}/question/{requestID}/reject
post	/api/session/{sessionID}/question/{requestID}/reply
post	/api/session/{sessionID}/wait
get	/api/skill
delete,put	/auth/{providerID}
get	/background-process
post	/background-process/session/{sessionID}/stop
get	/background-process/{processID}
get	/background-process/{processID}/logs
post	/background-process/{processID}/restart
post	/background-process/{processID}/stop
get	/command
post	/commit-message
get,patch	/config
get	/config/effective
get,patch	/config/model-state
get,patch	/config/overlay
get	/config/providers
get,put	/config/rules
get	/config/sources
get	/config/warnings
post	/enhance-prompt
get	/event
get	/experimental/capabilities
get	/experimental/console
get	/experimental/console/orgs
post	/experimental/console/switch
post	/experimental/control-plane/move-session
delete,post	/experimental/project/{projectID}/copy
post	/experimental/project/{projectID}/copy/generate-name
post	/experimental/project/{projectID}/copy/refresh
get	/experimental/resource
get	/experimental/session
post	/experimental/session/{sessionID}/background
get	/experimental/tool
get	/experimental/tool/ids
get,post	/experimental/workspace
get	/experimental/workspace/adapter
get	/experimental/workspace/status
post	/experimental/workspace/sync-list
post	/experimental/workspace/warp
delete	/experimental/workspace/{id}
delete,get,post	/experimental/worktree
get	/experimental/worktree/diff
get	/experimental/worktree/diff/file
get	/experimental/worktree/diff/summary
post	/experimental/worktree/reset
get	/file
get	/file/content
get	/file/status
get	/find
get	/find/file
get	/find/symbol
get	/formatter
get,patch	/global/config
post	/global/dispose
get	/global/event
get	/global/health
post	/global/upgrade
put	/indexing/consent
get	/indexing/models
get	/indexing/status
get	/indexing/warnings
post	/instance/dispose
post	/instance/reload
get	/interactive-terminal
get	/interactive-terminal/{terminalID}
post	/interactive-terminal/{terminalID}/close
post	/interactive-terminal/{terminalID}/input
post	/interactive-terminal/{terminalID}/resize
post	/kilo/audio/transcriptions
get	/kilo/auth-status
get	/kilo/claw/chat-credentials
get	/kilo/claw/status
get	/kilo/cloud-sessions
post	/kilo/cloud/session/import
get	/kilo/cloud/session/{id}
post	/kilo/edit
post	/kilo/fim
get	/kilo/models/images
get	/kilo/models/transcriptions
get	/kilo/modes
get	/kilo/notifications
post	/kilo/organization
get	/kilo/profile
get	/kilocode/agent-manager
post	/kilocode/agent-manager/{requestID}/reject
post	/kilocode/agent-manager/{requestID}/reply
post	/kilocode/agent/remove
get	/kilocode/agent/requirements
post	/kilocode/anaconda-desktop/open
get	/kilocode/anaconda-desktop/status
post	/kilocode/anaconda-desktop/sync
post	/kilocode/heap/snapshot
get	/kilocode/notebook
post	/kilocode/notebook/{requestID}/reject
post	/kilocode/notebook/{requestID}/reply
post	/kilocode/session-import/message
post	/kilocode/session-import/part
post	/kilocode/session-import/project
post	/kilocode/session-import/session
post	/kilocode/skill/remove
post	/log
get	/lsp
get,post	/mcp
delete,post	/mcp/{name}/auth
post	/mcp/{name}/auth/authenticate
post	/mcp/{name}/auth/callback
post	/mcp/{name}/connect
post	/mcp/{name}/disconnect
post	/memory/configure
post	/memory/correct
post	/memory/disable
post	/memory/enable
post	/memory/forget
post	/memory/purge
post	/memory/rebuild
post	/memory/remember
get	/memory/show
get	/memory/status
get	/network
post	/network/{requestID}/reject
post	/network/{requestID}/reply
get	/path
get	/permission
post	/permission/allow-everything
post	/permission/{requestID}/always-rules
post	/permission/{requestID}/reply
get	/project
get	/project/current
post	/project/git/init
patch	/project/{projectID}
get	/project/{projectID}/directories
get	/provider
get	/provider/auth
post	/provider/{providerID}/oauth/authorize
post	/provider/{providerID}/oauth/callback
get,post	/pty
get	/pty/shells
delete,get,put	/pty/{ptyID}
get	/pty/{ptyID}/connect
post	/pty/{ptyID}/connect-token
get	/question
post	/question/{requestID}/reject
post	/question/{requestID}/reply
post	/remote/disable
post	/remote/enable
get	/remote/status
get	/sandbox/support
get,post	/session
get	/session/status
post	/session/viewed
delete,get,patch	/session/{sessionID}
post	/session/{sessionID}/abort
post	/session/{sessionID}/branch-name
get	/session/{sessionID}/children
post	/session/{sessionID}/command
get	/session/{sessionID}/diff
post	/session/{sessionID}/fork
post	/session/{sessionID}/init
get,post	/session/{sessionID}/message
delete,get	/session/{sessionID}/message/{messageID}
delete,patch	/session/{sessionID}/message/{messageID}/part/{partID}
get	/session/{sessionID}/model-usage
post	/session/{sessionID}/permissions/{permissionID}
post	/session/{sessionID}/prompt_async
post	/session/{sessionID}/revert
get	/session/{sessionID}/sandbox
post	/session/{sessionID}/sandbox/toggle
delete,post	/session/{sessionID}/share
post	/session/{sessionID}/shell
post	/session/{sessionID}/summarize
get	/session/{sessionID}/todo
post	/session/{sessionID}/unrevert
get	/skill
get	/suggestion
post	/suggestion/{requestID}/accept
post	/suggestion/{requestID}/dismiss
post	/sync/history
post	/sync/replay
post	/sync/start
post	/sync/steal
post	/telemetry/capture
post	/telemetry/setEnabled
post	/tui/append-prompt
post	/tui/clear-prompt
get,patch	/tui/config
get	/tui/control/next
post	/tui/control/response
post	/tui/execute-command
get	/tui/keybinds
post	/tui/open-help
post	/tui/open-models
post	/tui/open-sessions
post	/tui/open-themes
post	/tui/publish
post	/tui/select-session
post	/tui/show-toast
post	/tui/submit-prompt
get	/vcs
post	/vcs/apply
get	/vcs/diff
get	/vcs/diff/raw
get	/vcs/status
